Daily update: Fri Jan 16 15:12:53 UTC 2026
Daily update: Sat Jan 17 04:53:52 UTC 2026
Daily update: Sat Jan 17 20:51:23 UTC 2026
Daily update: Sun Jan 18 03:58:51 UTC 2026
Daily update: Mon Jan 19 03:48:53 UTC 2026
Daily update: Tue Jan 20 12:54:32 IST 2026
Daily update: Wed Jan 21 13:07:25 IST 2026
Daily update: Thu Jan 22 14:28:25 IST 2026
Daily update: Fri Jan 23 14:42:16 IST 2026
Daily update: Sat Jan 24 13:58:34 IST 2026
Daily update: Sat Jan 24 18:59:36 IST 2026
Daily auto update: 2026-01-25 12:50:33 IST
2026-01-26 | Monday    | 02:44:18 IST | Week 05 | System check
2026-01-26 | Monday    | 13:03:45 IST | Week 05 | Daily update
2026-01-27 | Tuesday   | 13:27:57 IST | Week 05 | System check
2026-01-28 | Wednesday | 14:09:35 IST | Week 05 | Log refresh
2026-01-29 | Thursday  | 14:07:59 IST | Week 05 | Log refresh
2026-01-30 | Friday    | 14:14:21 IST | Week 05 | Minor changes
2026-01-31 | Saturday  | 13:49:06 IST | Week 05 | Routine maintenance
2026-02-01 | Sunday    | 14:14:39 IST | Week 05 | Routine maintenance
2026-02-02 | Monday    | 14:15:57 IST | Week 06 | Daily update
2026-02-03 | Tuesday   | 14:58:49 IST | Week 06 | System check
2026-02-04 | Wednesday | 14:51:39 IST | Week 06 | Routine maintenance
2026-02-05 | Thursday  | 14:32:15 IST | Week 06 | Routine maintenance
2026-02-06 | Friday    | 14:36:16 IST | Week 06 | Routine maintenance
2026-02-07 | Saturday  | 14:08:20 IST | Week 06 | Daily update
2026-02-08 | Sunday    | 14:53:29 IST | Week 06 | Routine maintenance
2026-02-09 | Monday    | 14:28:52 IST | Week 07 | System check
2026-02-10 | Tuesday   | 14:03:00 IST | Week 07 | Routine maintenance
2026-02-11 | Wednesday | 14:24:31 IST | Week 07 | Routine maintenance
2026-02-12 | Thursday  | 14:44:19 IST | Week 07 | Minor changes
2026-02-13 | Friday    | 13:51:17 IST | Week 07 | System check
2026-02-14 | Saturday  | 14:59:28 IST | Week 07 | Minor changes
2026-02-15 | Sunday    | 14:44:43 IST | Week 07 | Routine maintenance
2026-02-16 | Monday    | 13:37:29 IST | Week 08 | Daily update
2026-02-17 | Tuesday   | 15:11:55 IST | Week 08 | Routine maintenance
2026-02-18 | Wednesday | 14:48:42 IST | Week 08 | Daily update
2026-02-19 | Thursday  | 13:29:37 IST | Week 08 | System check
